<?xml version="1.0" encoding="utf-8"?>
<odoo>
    <data>


   <record id="group_sale_user" model="res.groups">
          <field name="name">Access Sale Dashboard</field>
        <field name="category_id" ref="base.module_category_hidden"/>
    </record>

     <record id="group_crm_user" model="res.groups">
        <field name="name">Access CRM Dashboard</field>
        <field name="category_id" ref="base.module_category_hidden"/>
    </record>

     <record id="group_inventory_user" model="res.groups">
        <field name="name">Access Inventory Dashboard</field>
        <field name="category_id" ref="base.module_category_hidden"/>
    </record>

     <record id="group_account_user" model="res.groups">
        <field name="name">Access Account Dashboard</field>
        <field name="category_id" ref="base.module_category_hidden"/>
    </record>


     <record id="group_pos_user" model="res.groups">
        <field name="name">Access POS Dashboard</field>
        <field name="category_id" ref="base.module_category_hidden"/>
    </record>
   

</data>

</odoo>