<?xml version="1.0" encoding="utf-8"?>
<odoo>
    <record id="ir_cron_invoice_paid_date" model="ir.cron">
        <field name="name">Res Partner; Get Company Number</field>
        <field name="interval_number">1</field>
        <field name="interval_type">days</field>
        <field name="numbercall">1</field>
        <field name="model_id" ref="base.model_res_partner"/>
        <field name="code">model._cron_get_company_number()</field>
        <field name="state">code</field>
    </record>
</odoo>
