<?xml version="1.0" encoding="utf-8"?>
<odoo>
	<data>

	<record id="view_order_form_inherit_bi" model="ir.ui.view">
		<field name="name">view.order.form.inherit.bi</field>
		<field name="model">sale.order</field>
		<field name="inherit_id" ref="sale.view_order_form" />
		<field name="arch" type="xml">
			<xpath expr="//form/sheet/notebook/page" position="after">
				<page string="Sales Commission">
					<field name="commission_ids" readonly="1">
						<tree editable="bottom">
						<field name="date"/>
							<field name="name"/>
							<field name="user_id"/>
							<field name="state" decoration-success="state == 'invoiced'" decoration-info="state == 'to_invoice'" widget="badge"/>
							<field name="commission_amount" sum="Total Commission"/>
						</tree>
					</field>
				</page>
			</xpath>
		</field>
	</record>

	</data>
</odoo>
