<odoo>
    <function name="write" model="ir.model.data">
        <function name="search" model="ir.model.data">
            <value eval="[('module', '=', 'website_crm_partner_assign'), ('name','=','assigned_lead_portal_rule_1')] "/>
        </function>
        <value eval=" {'noupdate': False} "/>
    </function>

    <record id="website_crm_partner_assign.assigned_lead_portal_rule_1" model="ir.rule">
        <field name="name">Portal Graded Partner: read and write assigned leads</field>
        <field name="model_id" ref="model_crm_lead"/>
        <field name="groups" eval="[(4, ref('base.group_portal'))]"/>
        <field name="domain_force">[(1,'=',1)]</field>
        <field name="perm_read" eval="True"/>
        <field name="perm_write" eval="True"/>
        <field name="perm_create" eval="True"/>
        <field name="perm_unlink" eval="False"/>
    </record>

    <function name="write" model="ir.model.data">
        <function name="search" model="ir.model.data">
            <value eval="[('module', '=', 'website_crm_partner_assign'), ('name','=','assigned_lead_portal_rule_1')] "/>
        </function>
        <value eval=" {'noupdate': True} "/>
    </function>
</odoo>