<?xml version="1.0" encoding="utf-8"?>
<odoo>  
    <record id="impersonate_user_category" model="ir.module.category">
      <field name="name">Impersonate</field>
      <field name="description">User will have access to impersonating users.</field>
      <field name="sequence">3</field>
    </record>

    <record id="impersonate_user_group" model="res.groups">
        <field name="name">Impersonate Allowed Users</field>
        <field name="comment">Only unrestricted Users can be impersonated.</field>
        <field name="category_id" ref="impersonate_user.impersonate_user_category"/>
    </record>

    <record id="impersonate_admin_group" model="res.groups">
        <field name="name">Impersonate All Users (Including restricted user)</field>
        <field name="comment">Beware, All Users can be impersonated including restricted Users.</field>
        <field name="implied_ids" eval="[(4, ref('impersonate_user.impersonate_user_group'))]"/>
        <field name="category_id" ref="impersonate_user.impersonate_user_category"/>
    </record>

</odoo>
