<?xml version="1.0" encoding="UTF-8"?>
<templates id="template" xml:space="preserve">
    <t t-name="AccountDashboardView">
        <div class="account_dashboard">
            <div class="container-fluid o_account_dashboard">
                <div class="account-dashboard">
                  <h4 class="text-primary text-center account-py-5">Account Dashboard</h4>
                  <div class="container-fluid">
                    <div class="sales-cards pb-5">
                        <div class="row top_4_column">
                          <div class="col-lg-3 col-md-6 col-sm-6 col-12 crm-mb-30">
                            <div class="card h-100 border-0 quotation position-relative account-m-t">
                              <div class="hover-bg position-relative h-100">
                                <div class="card-body h-100 position-relative">
                                  <div class="row">
                                    <div class="col-md-4 col-4">
                                      <div class="bg-white icon-box w-100 h-100 pt-4 text-center position-relative">
                                        <svg xmlns="http://www.w3.org/2000/svg" width="24" height="24" viewBox="0 0 24 24" fill="none" stroke="currentColor" stroke-width="1.5" stroke-linecap="round" stroke-linejoin="round" class="feather feather-twitch"><path d="M21 2H3v16h5v4l4-4h5l4-4V2zm-10 9V7m5 4V7"></path></svg>
                                      </div>
                                    </div>
                                    <div class="col-md-8 col-8">
                                    <h2 class="card-text total-posted"></h2>
                                      <h5 class="card-title">Open Invoice</h5>
                                    </div>
                                  </div>  
                                </div>
                                <div class="more-info-btn position-absolute">
                                  <button class="rounded-pill btn bg-white px-3 more-open-invoice">More Info</button>
                                </div>
                              </div>
                            </div>
                          </div>
                          <div class="col-lg-3 col-md-6 col-sm-6 col-12 crm-mb-30">
                            <div class="card h-100 border-0 sales-orders position-relative account-m-t">
                              <div class="hover-bg position-relative h-100">
                                <div class="card-body h-100 position-relative">
                                  <div class="row">
                                    <div class="col-md-4 col-4">
                                      <div class="bg-white icon-box w-100 h-100 pt-4 text-center position-relative">
                                        <svg xmlns="http://www.w3.org/2000/svg" width="24" height="24" viewBox="0 0 24 24" fill="none" stroke="currentColor" stroke-width="1.5" stroke-linecap="round" stroke-linejoin="round" class="feather feather-shopping-cart report-box__icon text-theme-10"><circle cx="9" cy="21" r="1"></circle><circle cx="20" cy="21" r="1"></circle><path d="M1 1h4l2.68 13.39a2 2 0 0 0 2 1.61h9.72a2 2 0 0 0 2-1.61L23 6H6"></path></svg>
                                      </div>
                                    </div>
                                    <div class="col-md-8 col-8">
                                      <h2 class="card-text total-cancel"></h2>
                                      <h5 class="card-title">Cancel Invoice</h5>
                                    </div>
                                  </div>  
                                </div>
                                <div class="more-info-btn position-absolute">
                                  <button class="rounded-pill btn bg-white px-3 more-cancel-invoice">More Info</button>
                                </div>
                              </div>
                            </div>
                          </div>
                          <div class="col-lg-3 col-md-6 col-sm-6 col-12 crm-mb-30">
                            <div class="card h-100 border-0 sales-partners position-relative account-m-t">
                              <div class="hover-bg position-relative h-100">
                                <div class="card-body h-100 position-relative">
                                  <div class="row">
                                    <div class="col-md-4 col-4">
                                      <div class="bg-white icon-box w-100 h-100 pt-4 text-center position-relative">
                                        <svg xmlns="http://www.w3.org/2000/svg" width="24" height="24" viewBox="0 0 24 24" fill="none" stroke="currentColor" stroke-width="1.5" stroke-linecap="round" stroke-linejoin="round" class="feather feather-twitch"><path d="M21 2H3v16h5v4l4-4h5l4-4V2zm-10 9V7m5 4V7"></path></svg>
                                      </div>
                                    </div>
                                    <div class="col-md-8 col-8">
                                      <h2 class="card-text total-customer-payment"></h2>
                                      <h5 class="card-title">Receivable Amount</h5>
                                    </div>
                                  </div>  
                                </div>
                              </div>
                            </div>
                          </div>
                          <div class="col-lg-3 col-md-6 col-sm-6 col-12 crm-mb-30">
                            <div class="card h-100 border-0 customer-cancel position-relative account-m-t">
                              <div class="hover-bg position-relative h-100">
                                <div class="card-body h-100 position-relative">
                                  <div class="row">
                                    <div class="col-md-4 col-4">
                                      <div class="bg-white icon-box w-100 h-100 pt-4 text-center position-relative">
                                        <svg xmlns="http://www.w3.org/2000/svg" width="24" height="24" viewBox="0 0 24 24" fill="none" stroke="currentColor" stroke-width="1.5" stroke-linecap="round" stroke-linejoin="round" class="feather feather-x-circle"><circle cx="12" cy="12" r="10"></circle><line x1="15" y1="9" x2="9" y2="15"></line><line x1="9" y1="9" x2="15" y2="15"></line></svg>
                                      </div>
                                    </div>
                                    <div class="col-md-8 col-8 p-0">
                                      <h2 class="card-text total-vendor-payment"></h2>
                                      <h5 class="card-title">Open Purchase Invoice</h5>
                                    </div>
                                  </div>  
                                </div>
                               
                              </div>
                            </div>
                          </div>

                           
                         
                        </div>
                        <div class="row table-cards">
                          <div class="col-lg-6 col-md-6 col-sm-12 col-12">
                            <div class="box box-warning bg-white account-box">
                                <div class="p-3-crm d-flex flex-row align-items-center justify-content-between bg-gradient-crm">
                                  <div class="d-flex align-items-center w-50">
                                   <h3 class="header-three-m">Customer Payment List</h3>
                                  </div>
                                  <div class="d-flex">
                                      <!-- dots -->
                                      <div class="three-dots">
                                        <button class="btn btn-secondary dropdown-toggle" type="button" id="dropdownMenuButton1" data-bs-toggle="dropdown" aria-expanded="false">
                                                 <i class="fa fa-ellipsis-v"></i>
                                              </button>
                                        <div role="menu" class="dropdown-menu dropdown-menu-right" x-placement="bottom-end">
                                          <div class="dots-menu">
                                              <div class="dots-menu-header">
                                                  <span>Export</span>
                                              </div>
                                              <div class="dots-menu-item" data-format="chart_xls">
                                                  <i class="fa fa-file-excel-o"></i>
                                                  <span id="custpaymentxls">Export XLS</span>
                                              </div>
                                              <div class="dots-menu-item" data-format="chart_csv">
                                                  <i class="fa fa-file-code-o"></i>
                                                  <span id="custpaymentcsv">Export CSV</span>
                                              </div>
                                          </div>
                                        </div>
                                      </div>
                                  </div>
                                </div>
                                <div class="box-tools custommer_payment_list header-box-p">
                                  <div class="table-responsive">
                                    <table class="customer_payment_data table no-margin" id="custpaymenttable" >
                                    </table>
                                  </div>
                                </div>
                                <!-- <div class="acoount-btn">
                                <button id="custpaymentcsv" class="btn btn-primary mt-4">Export CSV</button>
                                <button id="custpaymentxls" class="btn btn-primary mt-4">Export XLS</button>
                              </div> -->
                            </div>
                          </div>
                        <div class="col-lg-6 col-md-6 col-sm-12 col-12">
                         <div class="card-body customer_payment_i">
                            <div class="panel">
                                <div class="p-3-crm d-flex flex-row align-items-center justify-content-between">
                                  <div class="d-flex align-items-center w-50">
                                  <h3 class="header-three-m header-color-b">Customer Payment</h3>
                                  </div>
                                  <div class="d-flex">
                                     <select id="cust_payment" class="deliver-account">
                                          <option value="all"> select </option>
                                          <option value="today">Today</option>
                                          <option value="monthly">This Month</option>
                                          <option value="year">This Year</option>
                                      </select>
                                    <div id="color_filter2" class="color-opetion-box">
                                      <button title="Color Palette" data-toggle="dropdown" class="btn color-btn-opetion btn-m-a" type="button" aria-expanded="false">
                                          <i class="fa fa-paint-brush"></i>
                                      </button>
                                      <ul role="menu" class="dropdown-menu dropdown-menu-right" data-chart-type="bar" data-chart-family="square" x-placement="bottom-end">
                                        <li class="color-li-cool">
                                          <div class="chat-icon-color">
                                          <i class="fa fa-snowflake-o"></i>
                                            <span value="cool" class="cool color-opetion" data-chart-color="cool">
                                                cool
                                            </span>
                                          </div>
                                        </li>
                                        <li class="color-li-warm">
                                          <div class="chat-icon-color">
                                            <i class="fa fa-fire"></i>
                                            <span value="warm" class="warm color-opetion" data-chart-color="warm">
                                                warm
                                            </span>
                                          </div>
                                        </li>
                                      </ul>
                                  </div>
                                  <div class="three-dots">
                                    <button class="btn btn-secondary dropdown-toggle" type="button" id="dropdownMenuButton1" data-bs-toggle="dropdown" aria-expanded="false">
                                                 <i class="fa fa-ellipsis-v"></i>
                                              </button>
                                    <div role="menu" class="dropdown-menu dropdown-menu-right" x-placement="bottom-end">
                                      <div class="dots-menu">
                                          <div class="dots-menu-header">
                                              <span>Export</span>
                                          </div>
                                          <div class="dots-menu-item">
                                            <i class="fa fa-file-pdf-o"></i>
                                            <span id="customer_payment_pdf">Export Pdf</span>
                                          </div>
                                      </div>
                                    </div>
                                  </div>
                                </div>
                              </div>
                              <!--  <select id="color_filter2">
                                    <option value="cool">Cool</option>
                                    <option value="warm">warm</option>
        
                                </select> -->
                                <!--  <select id="cust_payment" class="account-id">
                                    <option value="all"> select </option>
                                    <option value="today">Today</option>
                                    <option value="monthly">This Month</option>
                                    <option value="year">This Year</option>
                                </select> -->
                    
                                <div class="panel-body">
                                      <canvas id="customer_payment" class="header-box-p" width="1000px" height="900px"/>
                                       <!-- <button id="customer_payment_pdf" class="btn btn-primary mt-4"> <i class="fa fa-download" style="color="></i> Export Pdf
                                    </button -->
                                      

                                </div>
                            </div>
                        </div>
                      </div>

                          <div class="col-lg-6 col-md-6 col-sm-12 col-12">
                            <div class="box box-warning bg-white">
                                <div class="p-3-crm d-flex flex-row align-items-center justify-content-between bg-gradient-crm">
                                  <div class="d-flex align-items-center w-50">
                                   <h3 class="header-three-m">Orders</h3>
                                  </div>
                                  <div class="d-flex">
                                    <select id="order_details" class="deliver-account">
                                          <option value="all"> select </option>
                                          <option value="today">Today</option>
                                          <option value="monthly">This Month</option>
                                          <option value="year">This Year</option>
                                      </select>
                                      <!-- dots -->
                                      <div class="three-dots">
                                        <button class="btn btn-secondary dropdown-toggle" type="button" id="dropdownMenuButton1" data-bs-toggle="dropdown" aria-expanded="false">
                                                 <i class="fa fa-ellipsis-v"></i>
                                              </button>
                                        <div role="menu" class="dropdown-menu dropdown-menu-right" x-placement="bottom-end">
                                          <div class="dots-menu">
                                              <div class="dots-menu-header">
                                                  <span>Export</span>
                                              </div>
                                              <div class="dots-menu-item" data-format="chart_xls">
                                                  <i class="fa fa-file-excel-o"></i>
                                                  <span id="orderxls">Export XLS</span>
                                              </div>
                                              <div class="dots-menu-item" data-format="chart_csv">
                                                  <i class="fa fa-file-code-o"></i>
                                                  <span id="ordercsv">Export CSV</span>
                                              </div>
                                          </div>
                                        </div>
                                      </div>
                                  </div>
                                </div>
                                <!-- <select id="order_details">
                                    <option value="all"> select  </option>
                                    <option value="today">Today</option>
                                    <option value="monthly">This Month</option>
                                    <option value="year">This Year</option>
                                </select> -->
                                <div class="box-tools invoice_order_list header-box-p">
                                  <div class="table-responsive">
                                    <table class="invoice_order_data table no-margin" id="ordertable">
                                    </table>
                                  </div>
                                </div>
                                <!-- <div class="acoount-btn">
                                 <button id="ordercsv" class="btn btn-primary mt-4">Export CSV</button>
                                <button id="orderxls" class="btn btn-primary mt-4">Export XLS</button>
                              </div> -->
                            </div>
                          </div>

                          <div class="col-lg-6 col-md-6 col-sm-12 col-12">
                            <div class="box box-warning bg-white">
                                <div class="p-3-crm d-flex flex-row align-items-center justify-content-between bg-gradient-crm">
                                  <div class="d-flex align-items-center w-50">
                                   <h3 class="header-three-m">Top Sale Revenue Customer</h3>
                                  </div>
                                  <div class="d-flex">
                                      <!-- dots -->
                                      <div class="three-dots">
                                       <button class="btn btn-secondary dropdown-toggle" type="button" id="dropdownMenuButton1" data-bs-toggle="dropdown" aria-expanded="false">
                                                 <i class="fa fa-ellipsis-v"></i>
                                              </button>
                                        <div role="menu" class="dropdown-menu dropdown-menu-right" x-placement="bottom-end">
                                          <div class="dots-menu">
                                              <div class="dots-menu-header">
                                                  <span>Export</span>
                                              </div>
                                              <div class="dots-menu-item" data-format="chart_xls">
                                                  <i class="fa fa-file-excel-o"></i>
                                                  <span id="revenuerecordxls">Export XLS</span>
                                              </div>
                                              <div class="dots-menu-item" data-format="chart_csv">
                                                  <i class="fa fa-file-code-o"></i>
                                                  <span id="revenuerecordcsv">Export CSV</span>
                                              </div>
                                          </div>
                                        </div>
                                      </div>
                                  </div>
                                </div>
                                <div class="box-tools revenue_customer_data header-box-p">
                                  <div class="table-responsive">
                                    <table class="revenue_customer_record table no-margin" id="revenuetable">
                                    </table>
                                  </div>
                                </div>
                                <!-- <div class="acoount-btn">
                                 <button id="revenuerecordcsv" class="btn btn-primary mt-4">Export CSV</button>
                                 <button id="revenuerecordxls" class="btn btn-primary mt-4">Export XLS</button>
                               </div> -->
                            </div>
                          </div>
                          <div class="col-lg-6 col-md-6 col-sm-12 col-12">
                            <div class="box box-warning bg-white account-box">
                                <div class="p-3-crm d-flex flex-row align-items-center justify-content-between bg-gradient-crm">
                                  <div class="d-flex align-items-center w-50">
                                   <h3 class="header-three-m">Vendor Payment List</h3>
                                  </div>
                                  <div class="d-flex">
                                      <!-- dots -->
                                      <div class="three-dots">
                                        <button class="btn btn-secondary dropdown-toggle" type="button" id="dropdownMenuButton1" data-bs-toggle="dropdown" aria-expanded="false">
                                                 <i class="fa fa-ellipsis-v"></i>
                                              </button>
                                        <div role="menu" class="dropdown-menu dropdown-menu-right" x-placement="bottom-end">
                                          <div class="dots-menu">
                                              <div class="dots-menu-header">
                                                  <span>Export</span>
                                              </div>
                                              <div class="dots-menu-item" data-format="chart_xls">
                                                  <i class="fa fa-file-excel-o"></i>
                                                  <span id="venderpayxls">Export XLS</span>
                                              </div>
                                              <div class="dots-menu-item" data-format="chart_csv">
                                                  <i class="fa fa-file-code-o"></i>
                                                  <span id="venderpaycsv">Export CSV</span>
                                              </div>
                                          </div>
                                        </div>
                                      </div>
                                  </div>
                                </div>
                                <div class="box-tools vendor_payment_list header-box-p">
                                  <div class="table-responsive">
                                    <table class="vendor_payment_data table no-margin" id="venderpaytable">
                                      </table>
                                  </div>
                                </div>
                                <!-- <div class="account-btn-d">
                                 <button id="venderpaycsv" class="btn btn-primary">Export CSV</button>
                                 <button id="venderpayxls" class="btn btn-primary">Export XLS</button>
                               </div> -->
                            </div>
                          </div>
                      <div class="col-lg-6 col-md-6 col-sm-12 col-12">
                       <div class="card-body vendor_payment_i">
                            <div class="panel">
                                <div class="p-3-crm d-flex flex-row align-items-center justify-content-between">
                                  <div class="d-flex align-items-center w-50">
                                  <h3 class="header-three-m header-color-b">Vendor Payment</h3>
                                  </div>
                                  <div class="d-flex">
                                     <select id="vender_payment" class="deliver-account">
                                          <option value="all"> select </option>
                                          <option value="today">Today</option>
                                          <option value="monthly">This Month</option>
                                          <option value="year">This Year</option>
                                      </select>
                                    <div id="color_filter3" class="color-opetion-box">
                                      <button title="Color Palette" data-toggle="dropdown" class="btn color-btn-opetion btn-m-a" type="button" aria-expanded="false">
                                          <i class="fa fa-paint-brush"></i>
                                      </button>
                                      <ul role="menu" class="dropdown-menu dropdown-menu-right" data-chart-type="bar" data-chart-family="square" x-placement="bottom-end">
                                        <li class="color-li-cool">
                                          <div class="chat-icon-color">
                                          <i class="fa fa-snowflake-o"></i>
                                            <span value="cool" class="cool color-opetion" data-chart-color="cool">
                                                cool
                                            </span>
                                          </div>
                                        </li>
                                        <li class="color-li-warm">
                                          <div class="chat-icon-color">
                                            <i class="fa fa-fire"></i>
                                            <span value="warm" class="warm color-opetion" data-chart-color="warm">
                                                warm
                                            </span>
                                          </div>
                                        </li>
                                      </ul>
                                  </div>
                                  <div class="three-dots">
                                    <button class="btn btn-secondary dropdown-toggle" type="button" id="dropdownMenuButton1" data-bs-toggle="dropdown" aria-expanded="false">
                                                 <i class="fa fa-ellipsis-v"></i>
                                              </button>
                                    <div role="menu" class="dropdown-menu dropdown-menu-right" x-placement="bottom-end">
                                      <div class="dots-menu">
                                          <div class="dots-menu-header">
                                              <span>Export</span>
                                          </div>
                                          <div class="dots-menu-item">
                                            <i class="fa fa-file-pdf-o"></i>
                                            <span id="vendor_payment_pdf">Export Pdf</span>
                                          </div>
                                      </div>
                                    </div>
                                  </div>
                                </div>
                              </div>
                                 <!-- <select id="color_filter3">
                                    <option value="cool">Cool</option>
                                    <option value="warm">warm</option>
                                  </select> -->
                                   <!-- <select id="vender_payment" class="account-id">
                                    <option value="all"> select  </option>
                                    <option value="today">Today</option>
                                    <option value="monthly">This Month</option>
                                    <option value="year">This Year</option>
                                </select>
 -->        
                                <div class="panel-body">
                                      <canvas id="supplier_invoice" class="header-box-p" width="1000px" height="900px"/>
                                       <!-- <button id="vendor_payment_pdf" class="btn btn-primary mt-4"> <i class="fa fa-download" style="color="></i> Export Pdf
                                    </button> -->
                                      
                                      
                                </div>
                            </div>
                        </div>
                      </div>
                           <div class="col-lg-6 col-md-6 col-sm-12 col-12">
                            <div class="box box-warning bg-white">
                                <div class="p-3-crm d-flex flex-row align-items-center justify-content-between bg-gradient-crm">
                                  <div class="d-flex align-items-center w-50">
                                   <h3 class="header-three-m">Top Customer</h3>
                                  </div>
                                  <div class="d-flex">
                                      <!-- dots -->
                                      <div class="three-dots">
                                        <button class="btn btn-secondary dropdown-toggle" type="button" id="dropdownMenuButton1" data-bs-toggle="dropdown" aria-expanded="false">
                                                 <i class="fa fa-ellipsis-v"></i>
                                              </button>
                                        <div role="menu" class="dropdown-menu dropdown-menu-right" x-placement="bottom-end">
                                          <div class="dots-menu">
                                              <div class="dots-menu-header">
                                                  <span>Export</span>
                                              </div>
                                              <div class="dots-menu-item" data-format="chart_xls">
                                                  <i class="fa fa-file-excel-o"></i>
                                                  <span id="custrecordxls">Export XLS</span>
                                              </div>
                                              <div class="dots-menu-item" data-format="chart_csv">
                                                  <i class="fa fa-file-code-o"></i>
                                                  <span id="custrecordcsv">Export CSV</span>
                                              </div>
                                          </div>
                                        </div>
                                      </div>
                                  </div>
                                </div>
                                <div class="box-tools customer_record header-box-p">
                                  <div class="table-responsive">
                                    <table class="customer_record_data table no-margin" id="custrecordtable">
                                      </table>
                                  </div>
                                </div>
                                <!-- <div class="acoount-btn">
                                 <button id="custrecordcsv" class="btn btn-primary mt-4">Export CSV</button>
                                 <button id="custrecordxls" class="btn btn-primary mt-4">Export XLS</button>
                               </div> -->
                            </div>
                          </div>

                          <div class="col-lg-6 col-md-6 col-sm-12 col-12">
                            <div class="box box-warning bg-white">
                                 <div class="p-3-crm d-flex flex-row align-items-center justify-content-between bg-gradient-crm">
                                  <div class="d-flex align-items-center w-50">
                                   <h3 class="header-three-m">Top Vendor</h3>
                                  </div>
                                  <div class="d-flex">
                                      <!-- dots -->
                                      <div class="three-dots">
                                        <button class="btn btn-secondary dropdown-toggle" type="button" id="dropdownMenuButton1" data-bs-toggle="dropdown" aria-expanded="false">
                                                 <i class="fa fa-ellipsis-v"></i>
                                              </button>
                                        <div role="menu" class="dropdown-menu dropdown-menu-right" x-placement="bottom-end">
                                          <div class="dots-menu">
                                              <div class="dots-menu-header">
                                                  <span>Export</span>
                                              </div>
                                              <div class="dots-menu-item" data-format="chart_xls">
                                                  <i class="fa fa-file-excel-o"></i>
                                                  <span id="venderxls">Export XLS</span>
                                              </div>
                                              <div class="dots-menu-item" data-format="chart_csv">
                                                  <i class="fa fa-file-code-o"></i>
                                                  <span id="vendercsv">Export CSV</span>
                                              </div>
                                          </div>
                                        </div>
                                      </div>
                                  </div>
                                </div>
                                <div class="box-tools vendor_record header-box-p">
                                  <div class="table-responsive">
                                    <table class="vendor_record_data table no-margin" id="vendertable">
                                      </table>
                                  </div>
                                </div>
                                <!-- <div class="acoount-btn">
                                 <button id="vendercsv" class="btn btn-primary mt-4">Export CSV</button>
                                 <button id="venderxls" class="btn btn-primary mt-4">Export XLS</button>
                               </div>
 -->                            </div>
                          </div>

                           <div class="col-lg-6 col-md-6 col-sm-12 col-12">
                            <div class="box box-warning bg-white account-box">
                                 <div class="p-3-crm d-flex flex-row align-items-center justify-content-between bg-gradient-crm">
                                  <div class="d-flex align-items-center w-50">
                                   <h3 class="header-three-m">Journal List</h3>
                                  </div>
                                  <div class="d-flex">
                                      <!-- dots -->
                                      <div class="three-dots">
                                        <button class="btn btn-secondary dropdown-toggle" type="button" id="dropdownMenuButton1" data-bs-toggle="dropdown" aria-expanded="false">
                                                 <i class="fa fa-ellipsis-v"></i>
                                              </button>
                                        <div role="menu" class="dropdown-menu dropdown-menu-right" x-placement="bottom-end">
                                          <div class="dots-menu">
                                              <div class="dots-menu-header">
                                                  <span>Export</span>
                                              </div>
                                              <div class="dots-menu-item" data-format="chart_xls">
                                                  <i class="fa fa-file-excel-o"></i>
                                                  <span id="journalxls">Export XLS</span>
                                              </div>
                                              <div class="dots-menu-item" data-format="chart_csv">
                                                  <i class="fa fa-file-code-o"></i>
                                                  <span id="journalcsv">Export CSV</span>
                                              </div>
                                          </div>
                                        </div>
                                      </div>
                                  </div>
                                </div>
                                <div class="box-tools journal_record header-box-p">
                                  <div class="table-responsive">
                                    <table class="journal_record_data table no-margin" id="journaltable">
                                      </table>
                                  </div>
                                </div>
                              <!--   <div class="acoount-btn">
                                 <button id="journalcsv" class="btn btn-primary mt-4">Export CSV</button>
                                 <button id="journalxls" class="btn btn-primary mt-4">Export XLS</button>
                               </div> -->
                            </div>
                          </div>
                        <div class="col-lg-6 col-md-6 col-sm-12 col-12">
                         <div class="card-body journal_list">
                            <div class="panel">
                                <div class="p-3-crm d-flex flex-row align-items-center justify-content-between">
                                  <div class="d-flex align-items-center w-50">
                                  <h3 class="header-three-m header-color-b">Journal List</h3>
                                  </div>
                                  <div class="d-flex">
                                    <div id="color_filter4" class="color-opetion-box">
                                      <button title="Color Palette" data-toggle="dropdown" class="btn color-btn-opetion btn-m-a" type="button" aria-expanded="false">
                                          <i class="fa fa-paint-brush"></i>
                                      </button>
                                      <ul role="menu" class="dropdown-menu dropdown-menu-right" data-chart-type="bar" data-chart-family="square" x-placement="bottom-end">
                                        <li class="color-li-cool">
                                          <div class="chat-icon-color">
                                          <i class="fa fa-snowflake-o"></i>
                                            <span value="cool" class="cool color-opetion" data-chart-color="cool">
                                                cool
                                            </span>
                                          </div>
                                        </li>
                                        <li class="color-li-warm">
                                          <div class="chat-icon-color">
                                            <i class="fa fa-fire"></i>
                                            <span value="warm" class="warm color-opetion" data-chart-color="warm">
                                                warm
                                            </span>
                                          </div>
                                        </li>
                                      </ul>
                                  </div>
                                  <div class="three-dots">
                                    <button class="btn btn-secondary dropdown-toggle" type="button" id="dropdownMenuButton1" data-bs-toggle="dropdown" aria-expanded="false">
                                                 <i class="fa fa-ellipsis-v"></i>
                                              </button>
                                    <div role="menu" class="dropdown-menu dropdown-menu-right" x-placement="bottom-end">
                                      <div class="dots-menu">
                                          <div class="dots-menu-header">
                                              <span>Export</span>
                                          </div>
                                          <div class="dots-menu-item">
                                            <i class="fa fa-file-pdf-o"></i>
                                            <span id="journal_list_pdf">Export Pdf</span>
                                          </div>
                                      </div>
                                    </div>
                                  </div>
                                </div>
                              </div>
                                <!--  <select id="color_filter4">
                                    <option value="cool">Cool</option>
                                    <option value="warm">warm</option>
        
                                </select> -->
                                <div class="panel-body">
                                      <canvas id="journal_record" class="header-box-p" width="1000px" height="900px"/>
                                      <!--  <button id="journal_list_pdf" class="btn btn-primary mt-4"> <i class="fa fa-download" style="color="></i> Export Pdf
                                    </button> -->
                                      
                                </div>
                            </div>
                        </div>
                      </div>
                     </div>   
                    </div>
                     <div class="row mb-30">
                      
                  
                  <div class="col-lg-6 col-md-6 col-sm-12 col-12 col-r">
                       <div class="card-body recent_customer_i">
                            <div class="panel">
                                <div class="p-3-crm d-flex flex-row align-items-center justify-content-between">
                                  <div class="d-flex align-items-center w-50">
                                  <h3 class="header-three-m header-color-b">Top Recent Customer</h3>
                                  </div>
                                  <div class="d-flex">
                                    <div id="color_filter6" class="color-opetion-box">
                                      <button title="Color Palette" data-toggle="dropdown" class="btn color-btn-opetion btn-m-a" type="button" aria-expanded="false">
                                          <i class="fa fa-paint-brush"></i>
                                      </button>
                                      <ul role="menu" class="dropdown-menu dropdown-menu-right" data-chart-type="bar" data-chart-family="square" x-placement="bottom-end">
                                        <li class="color-li-cool">
                                          <div class="chat-icon-color">
                                          <i class="fa fa-snowflake-o"></i>
                                            <span value="cool" class="cool color-opetion" data-chart-color="cool">
                                                cool
                                            </span>
                                          </div>
                                        </li>
                                        <li class="color-li-warm">
                                          <div class="chat-icon-color">
                                            <i class="fa fa-fire"></i>
                                            <span value="warm" class="warm color-opetion" data-chart-color="warm">
                                                warm
                                            </span>
                                          </div>
                                        </li>
                                      </ul>
                                  </div>
                                  <div class="three-dots">
                                    <button class="btn btn-secondary dropdown-toggle" type="button" id="dropdownMenuButton1" data-bs-toggle="dropdown" aria-expanded="false">
                                                 <i class="fa fa-ellipsis-v"></i>
                                              </button>
                                    <div role="menu" class="dropdown-menu dropdown-menu-right" x-placement="bottom-end">
                                      <div class="dots-menu">
                                          <div class="dots-menu-header">
                                              <span>Export</span>
                                          </div>
                                          <div class="dots-menu-item">
                                            <i class="fa fa-file-pdf-o"></i>
                                            <span id="recent_customer_pdf">Export Pdf</span>
                                          </div>
                                      </div>
                                    </div>
                                  </div>
                                </div>
                              </div>
                                <!-- <select id="color_filter6">
                                    <option value="cool">Cool</option>
                                    <option value="warm">warm</option>
        
                                </select> -->
                                <div class="panel-body">
                                      <canvas id="r_customer" class="header-box-p" width="1000px" height="900px"/>
                                       <!-- <button id="recent_customer_pdf" class="btn btn-primary mt-4"> <i class="fa fa-download" style="color="></i> Export Pdf
                                    </button> -->
                                     
                                </div>
                            </div>
                        </div>
                      </div>  

                      <div class="col-lg-6 col-md-6 col-sm-12 col-12">
                        <div class="card-body cash_balance">
                            <div class="panel">
                                 <div class="p-3-crm d-flex flex-row align-items-center justify-content-between">
                                  <div class="d-flex align-items-center w-50">
                                  <h3 class="header-three-m header-color-b">Cash and Bank Balance</h3>
                                  </div>
                                  <div class="d-flex">
                                    <select id="cash_bank_detail" class="deliver-account">
                                        <option value="all"> select </option>
                                        <option value="today">Today</option>
                                        <option value="monthly">This Month</option>
                                        <option value="year">This Year</option>
                                    </select>
                                    <div id="color_filter8" class="color-opetion-box">
                                      <button title="Color Palette" data-toggle="dropdown" class="btn color-btn-opetion btn-m-a" type="button" aria-expanded="false">
                                          <i class="fa fa-paint-brush"></i>
                                      </button>
                                      <ul role="menu" class="dropdown-menu dropdown-menu-right" data-chart-type="bar" data-chart-family="square" x-placement="bottom-end">
                                        <li class="color-li-cool">
                                          <div class="chat-icon-color">
                                          <i class="fa fa-snowflake-o"></i>
                                            <span value="cool" class="cool color-opetion" data-chart-color="cool">
                                                cool
                                            </span>
                                          </div>
                                        </li>
                                        <li class="color-li-warm">
                                          <div class="chat-icon-color">
                                            <i class="fa fa-fire"></i>
                                            <span value="warm" class="warm color-opetion" data-chart-color="warm">
                                                warm
                                            </span>
                                          </div>
                                        </li>
                                      </ul>
                                  </div>
                                  <div class="three-dots">
                                    <button class="btn btn-secondary dropdown-toggle" type="button" id="dropdownMenuButton1" data-bs-toggle="dropdown" aria-expanded="false">
                                                 <i class="fa fa-ellipsis-v"></i>
                                              </button>
                                    <div role="menu" class="dropdown-menu dropdown-menu-right" x-placement="bottom-end">
                                      <div class="dots-menu">
                                          <div class="dots-menu-header">
                                              <span>Export</span>
                                          </div>
                                          <div class="dots-menu-item">
                                            <i class="fa fa-file-pdf-o"></i>
                                            <span id="cash_bank_pdf">Export Pdf</span>
                                          </div>
                                      </div>
                                    </div>
                                  </div>
                                </div>
                              </div>
                                <!-- <select id="color_filter8">
                                    <option value="cool">Cool</option>
                                    <option value="warm">warm</option>
        
                                </select> -->
                                 <!-- <select id="cash_bank_detail" class="account-id" style="width: 19%;">
                                    <option value="all">  select  </option>
                                    <option value="today">Today</option>
                                    <option value="monthly">This Month</option>
                                    <option value="year">This Year</option>
                                </select> -->
                                <div class="panel-body">
                                      <canvas id="cash_bank" class="header-box-p" width="1000px" height="900px"/>
                                       <!-- <button id="cashbankcsv" class="btn btn-primary mt-4"> <i class="fa fa-file"></i> Export CSV</button>
                                 <button id="cash_bank_pdf"  class="btn btn-primary mt-4"> <i class="fa fa-download" style="color="></i> Export Pdf
                                    </button> -->
                                </div>
                            </div>
                        </div>
                      </div>
                  </div>
                 

                 
                  </div>
                </div>
              </div>
          </div>
      </t>

   

</templates>
