<?xml version="1.0" encoding="UTF-8"?>
<templates id="template" xml:space="preserve">  
    <t t-name="CrmDashboardView">
        <div class="crm_dashboard">
            <div class="container-fluid o_crm_dashboard">
                <div class="crm-dashboard">
                  <h4 class="text-primary text-center crm-py-5">CRM Dashboard</h4>
                  <div class="container-fluid">
                    <div class="sales-cards pb-5">
                        <div class="row top_4_column">
                          <div class="col-lg-3 col-md-6 col-sm-6 col-12 crm-mb-30">
                            <div class="card h-100 border-0 quotation position-relative crm-m-t">
                              <div class="hover-bg position-relative h-100">
                                <div class="card-body h-100 position-relative">
                                  <div class="row">
                                    <div class="col-md-4 col-4">
                                      <div class="bg-white icon-box w-100 h-100 pt-4 text-center position-relative">
                                        <svg xmlns="http://www.w3.org/2000/svg" width="24" height="24" viewBox="0 0 24 24" fill="none" stroke="currentColor" stroke-width="1.5" stroke-linecap="round" stroke-linejoin="round" class="feather feather-twitch"><path d="M21 2H3v16h5v4l4-4h5l4-4V2zm-10 9V7m5 4V7"></path></svg>
                                      </div>
                                    </div>
                                    <div class="col-md-8 col-8">
                                    <h2 class="card-text total-lead"></h2>
                                      <h5 class="card-title">Total Leads</h5>
                                    </div>
                                  </div>  
                                </div>
                              
                              </div>
                            </div>
                          </div>
                          <div class="col-lg-3 col-md-6 col-sm-6 col-12 crm-mb-30">
                            <div class="card h-100 border-0 sales-orders position-relative crm-m-t">
                              <div class="hover-bg position-relative h-100">
                                <div class="card-body h-100 position-relative">
                                  <div class="row">
                                    <div class="col-md-4 col-4">
                                      <div class="bg-white icon-box w-100 h-100 pt-4 text-center position-relative">
                                        <svg xmlns="http://www.w3.org/2000/svg" width="24" height="24" viewBox="0 0 24 24" fill="none" stroke="currentColor" stroke-width="1.5" stroke-linecap="round" stroke-linejoin="round" class="feather feather-shopping-cart report-box__icon text-theme-10"><circle cx="9" cy="21" r="1"></circle><circle cx="20" cy="21" r="1"></circle><path d="M1 1h4l2.68 13.39a2 2 0 0 0 2 1.61h9.72a2 2 0 0 0 2-1.61L23 6H6"></path></svg>
                                      </div>
                                    </div>
                                    <div class="col-md-8 col-8">
                                      <h2 class="card-text my-pipeline"></h2>
                                      <h5 class="card-title">My Pipeline</h5>
                                    </div>
                                  </div>  
                                </div>
                                <div class="more-info-btn position-absolute">
                                  <button class="rounded-pill btn bg-white px-3 more-my-pipeline">More Info</button>
                                </div>
                              </div>
                            </div>
                          </div>
                          <div class="col-lg-3 col-md-6 col-sm-6 col-12 crm-mb-30">
                            <div class="card h-100 border-0 sales-partners position-relative crm-m-t">
                              <div class="hover-bg position-relative h-100">
                                <div class="card-body h-100 position-relative">
                                  <div class="row">
                                    <div class="col-md-4 col-4">
                                      <div class="bg-white icon-box w-100 h-100 pt-4 text-center position-relative">
                                        <svg xmlns="http://www.w3.org/2000/svg" width="24" height="24" viewBox="0 0 24 24" fill="none" stroke="currentColor" stroke-width="1.5" stroke-linecap="round" stroke-linejoin="round" class="feather feather-twitch"><path d="M21 2H3v16h5v4l4-4h5l4-4V2zm-10 9V7m5 4V7"></path></svg>
                                      </div>
                                    </div>
                                    <div class="col-md-8 col-8">
                                      <h2 class="card-text open-opportunities"></h2>
                                      <h5 class="card-title"> Open Opportunities</h5>
                                    </div>
                                  </div>  
                                </div>
                                <div class="more-info-btn position-absolute">
                                  <button class="rounded-pill btn bg-white px-3 more-open-opportunity">More Info</button>
                                </div>
                              </div>
                            </div>
                          </div>
                          <div class="col-lg-3 col-md-6 col-sm-6 col-12 crm-mb-30">
                            <div class="card h-100 border-0 customer-cancel position-relative crm-m-t">
                              <div class="hover-bg position-relative h-100">
                                <div class="card-body h-100 position-relative">
                                  <div class="row">
                                    <div class="col-md-4 col-4">
                                      <div class="bg-white icon-box w-100 h-100 pt-4 text-center position-relative">
                                        <svg xmlns="http://www.w3.org/2000/svg" width="24" height="24" viewBox="0 0 24 24" fill="none" stroke="currentColor" stroke-width="1.5" stroke-linecap="round" stroke-linejoin="round" class="feather feather-x-circle"><circle cx="12" cy="12" r="10"></circle><line x1="15" y1="9" x2="9" y2="15"></line><line x1="9" y1="9" x2="15" y2="15"></line></svg>
                                      </div>
                                    </div>
                                    <div class="col-md-8 col-8">
                                      <h2 class="card-text overdue-opportunities"></h2>
                                      <h5 class="card-title">Overdue Opportunities</h5>
                                    </div>
                                  </div>  
                                </div>
                                <div class="more-info-btn position-absolute">
                                  <button class="rounded-pill btn bg-white px-3 more-overdue-opportunity">More Info</button>
                                </div>
                              </div>
                            </div>
                          </div>
                          <div class="col-lg-4 col-md-6 col-sm-6 col-12">
                            <div class="card h-100 border-0 customer-sales position-relative crm-m-t">
                              <div class="hover-bg position-relative h-100">
                                <div class="card-body h-100 position-relative">
                                  <div class="row">
                                    <div class="col-md-4 col-4">
                                      <div class="bg-white icon-box w-100 h-100 pt-4 text-center position-relative">
                                        <svg xmlns="http://www.w3.org/2000/svg" width="24" height="24" viewBox="0 0 24 24" fill="none" stroke="currentColor" stroke-width="1.5" stroke-linecap="round" stroke-linejoin="round" class="feather feather-user"><path d="M20 21v-2a4 4 0 0 0-4-4H8a4 4 0 0 0-4 4v2"></path><circle cx="12" cy="7" r="4"></circle></svg>
                                      </div>
                                    </div>
                                    <div class="col-md-8 col-8">
                                      <h2 class="card-text won-count"></h2>
                                      <h5 class="card-title">Total Won</h5>
                                    </div>
                                  </div>  
                                </div>

                                 <div class="more-info-btn position-absolute">
                                  <button class="rounded-pill btn bg-white px-3 more-won-count">More Info</button>
                                </div>
                              </div>
                            </div>
                          </div>
                          <div class="col-lg-4 col-md-6 col-sm-6 col-12">
                            <div class="card h-100 border-0 invoiced-card1 position-relative crm-m-t">
                              <div class="hover-bg position-relative h-100">
                                <div class="card-body h-100 position-relative">
                                  <div class="row">
                                    <div class="col-md-4 col-4">
                                      <div class="bg-white icon-box w-100 h-100 pt-4 text-center position-relative">
                                        <svg xmlns="http://www.w3.org/2000/svg" width="28" height="28" viewBox="0 0 24 24" fill="none" stroke="currentColor" stroke-width="1.5" stroke-linecap="round" stroke-linejoin="round" class="feather feather-file-text"><path d="M14 2H6a2 2 0 0 0-2 2v16a2 2 0 0 0 2 2h12a2 2 0 0 0 2-2V8z"></path><polyline points="14 2 14 8 20 8"></polyline><line x1="16" y1="13" x2="8" y2="13"></line><line x1="16" y1="17" x2="8" y2="17"></line><polyline points="10 9 9 9 8 9"></polyline></svg>
                                      </div>
                                    </div>
                                    <div class="col-md-8 col-8">
                                      <h2 class="card-text loss-count"></h2>
                                      <h5 class="card-title">To Be Invoiced</h5>
                                    </div>
                                  </div>  
                                </div>
                                  <div class="more-info-btn position-absolute">
                                  <button class="rounded-pill btn bg-white px-3 more-loss-count">More Info</button>
                                </div>
                              </div>
                            </div>
                          </div>
                          <div class="col-lg-4 col-md-6 col-sm-6 col-12">
                            <div class="card h-100 border-0 invoiced-card2 position-relative crm-m-t">
                              <div class="hover-bg position-relative h-100">
                                <div class="card-body h-100 position-relative">
                                  <div class="row">
                                    <div class="col-md-4 col-4">
                                      <div class="bg-white icon-box w-100 h-100 pt-4 text-center position-relative">
                                        <svg xmlns="http://www.w3.org/2000/svg" width="28" height="28" viewBox="0 0 24 24" fill="none" stroke="currentColor" stroke-width="1.5" stroke-linecap="round" stroke-linejoin="round" class="feather feather-file-text"><path d="M14 2H6a2 2 0 0 0-2 2v16a2 2 0 0 0 2 2h12a2 2 0 0 0 2-2V8z"></path><polyline points="14 2 14 8 20 8"></polyline><line x1="16" y1="13" x2="8" y2="13"></line><line x1="16" y1="17" x2="8" y2="17"></line><polyline points="10 9 9 9 8 9"></polyline></svg>
                                      </div>
                                    </div>
                                    <div class="col-md-8 col-8">
                                      <h2 class="card-text total-revenue"></h2>
                                      <h5 class="card-title">Total Expected Revenue</h5>
                                    </div>
                                  </div>  
                                </div>
                              </div>
                            </div>
                          </div>
                        </div>
                        <div class="row table-cards">
                          <div class="col-lg-6 col-md-6 col-sm-12 col-12">
                            <div class="box box-warning bg-white">
                              <div class="p-3-crm d-flex flex-row align-items-center justify-content-between bg-gradient-crm">
                                  <div class="d-flex align-items-center w-50">
                                   <h3 class="header-three-m">Top Leads/Opportunity</h3>
                                  </div>
                                  <div class="d-flex">
                                      <!-- dots -->
                                      <div class="three-dots">
                                        <button class="btn btn-secondary dropdown-toggle" type="button" id="dropdownMenuButton1" data-bs-toggle="dropdown" aria-expanded="false">
                                                 <i class="fa fa-ellipsis-v"></i>
                                              </button>
                                        <div role="menu" class="dropdown-menu dropdown-menu-right" x-placement="bottom-end">
                                          <div class="dots-menu">
                                              <div class="dots-menu-header">
                                                  <span>Export</span>
                                              </div>
                                              <div class="dots-menu-item" data-format="chart_xls">
                                                  <i class="fa fa-file-excel-o"></i>
                                                  <span id="topleadxls">Export XLS</span>
                                              </div>
                                              <div class="dots-menu-item" data-format="chart_csv">
                                                  <i class="fa fa-file-code-o"></i>
                                                  <span id="topleadcsv">Export CSV</span>
                                              </div>
                                          </div>
                                        </div>
                                      </div>
                                  </div>
                                </div>
                                <div class="box-tools custommer_payment_list header-box-p">
                                  <div class="table-responsive">
                                    <table class="top_leads_list table no-margin" id="topleadtable">
                                    </table>
                                  </div>
                                </div>
                                <!-- <div class="crm-btn">
                                  <button id="topleadcsv" class="btn btn-primary">Export CSV</button>
                                  <button id="topleadxls" class="btn btn-primary">Export XLS</button>
                                </div> -->
                            </div>
                          </div>
                          <div class="col-lg-6 col-md-6 col-sm-12 col-12">
                            <div class="box box-warning bg-white">
                                <div class="p-3-crm d-flex flex-row align-items-center justify-content-between bg-gradient-crm">
                                  <div class="d-flex align-items-center w-50">
                                   <h3 class="header-three-m">Activity Type</h3>
                                  </div>
                                  <div class="d-flex">
                                      <!-- dots -->
                                      <div class="three-dots">
                                        <button class="btn btn-secondary dropdown-toggle" type="button" id="dropdownMenuButton1" data-bs-toggle="dropdown" aria-expanded="false">
                                                 <i class="fa fa-ellipsis-v"></i>
                                              </button>
                                        <div role="menu" class="dropdown-menu dropdown-menu-right" x-placement="bottom-end">
                                          <div class="dots-menu">
                                              <div class="dots-menu-header">
                                                  <span>Export</span>
                                              </div>
                                              <div class="dots-menu-item" data-format="chart_xls">
                                                  <i class="fa fa-file-excel-o"></i>
                                                  <span id="activityxls">Export XLS</span>
                                              </div>
                                              <div class="dots-menu-item" data-format="chart_csv">
                                                  <i class="fa fa-file-code-o"></i>
                                                  <span id="activitycsv">Export CSV</span>
                                              </div>
                                          </div>
                                        </div>
                                      </div>
                                  </div>
                                </div>
                                <div class="box-tools activity_type_list header-box-p">
                                  <div class="table-responsive">
                                    <table class="activity_type table no-margin" id="activitytable">
                                      </table>
                                  </div>
                                </div>
                               <!--  <div class="crm-btn">
                                <button id="activitycsv" class="btn btn-primary">Export CSV</button>
                                <button id="" class="btn btn-primary">Export XLS</button>
                              </div> -->
                            </div>
                          </div>
                          <div class="col-lg-6 col-md-6 col-sm-12 col-12">
                            <div class="box box-warning bg-white">
                                <div class="p-3-crm d-flex flex-row align-items-center justify-content-between bg-gradient-crm">
                                  <div class="d-flex align-items-center w-50">
                                   <h3 class="header-three-m">Won List</h3>
                                  </div>
                                  <div class="d-flex">
                                      <!-- dots -->
                                      <div class="three-dots">
                                        <button class="btn btn-secondary dropdown-toggle" type="button" id="dropdownMenuButton1" data-bs-toggle="dropdown" aria-expanded="false">
                                                 <i class="fa fa-ellipsis-v"></i>
                                              </button>
                                        <div role="menu" class="dropdown-menu dropdown-menu-right" x-placement="bottom-end">
                                          <div class="dots-menu">
                                              <div class="dots-menu-header">
                                                  <span>Export</span>
                                              </div>
                                              <div class="dots-menu-item" data-format="chart_xls">
                                                  <i class="fa fa-file-excel-o"></i>
                                                  <span id="woncountxls">Export XLS</span>
                                              </div>
                                              <div class="dots-menu-item" data-format="chart_csv">
                                                  <i class="fa fa-file-code-o"></i>
                                                  <span id="woncountcsv">Export CSV</span>
                                              </div>
                                          </div>
                                        </div>
                                      </div>
                                  </div>
                                </div>
                                <div class="box-tools custommer_payment_list header-box-p">
                                  <div class="table-responsive">
                                    <table class="won_count table no-margin" id="woncounttable">
                                      </table>
                                  </div>
                                </div>
                               <!--  <div class="crm-btn">
                                <button id="woncountcsv" class="btn btn-primary">Export CSV</button>
                                <button id="woncountxls" class="btn btn-primary">Export XLS</button>
                              </div> -->
                            </div>
                          </div>
                          <div class="col-lg-6 col-md-6 col-sm-12 col-12">
                            <div class="box box-warning bg-white">
                                <div class="p-3-crm d-flex flex-row align-items-center justify-content-between bg-gradient-crm">
                                  <div class="d-flex align-items-center w-50">
                                   <h3 class="header-three-m">Loss List</h3>
                                  </div>
                                  <div class="d-flex">
                                      <!-- dots -->
                                      <div class="three-dots">
                                        <button class="btn btn-secondary dropdown-toggle" type="button" id="dropdownMenuButton1" data-bs-toggle="dropdown" aria-expanded="false">
                                                 <i class="fa fa-ellipsis-v"></i>
                                              </button>
                                        <div role="menu" class="dropdown-menu dropdown-menu-right" x-placement="bottom-end">
                                          <div class="dots-menu">
                                              <div class="dots-menu-header">
                                                  <span>Export</span>
                                              </div>
                                              <div class="dots-menu-item" data-format="chart_xls">
                                                  <i class="fa fa-file-excel-o"></i>
                                                  <span id="losscountxls">Export XLS</span>
                                              </div>
                                              <div class="dots-menu-item" data-format="chart_csv">
                                                  <i class="fa fa-file-code-o"></i>
                                                  <span id="losscountcsv">Export CSV</span>
                                              </div>
                                          </div>
                                        </div>
                                      </div>
                                  </div>
                                </div>
                                <div class="box-tools order header-box-p">
                                  <div class="table-responsive">
                                    <table class="loss_count table no-margin" id="losscounttable">
                                      </table>
                                  </div>
                                </div>
                                <!-- <div class="crm-btn">
                                 <button id="losscountcsv" class="btn btn-primary">Export CSV</button>
                                <button id="losscountxls" class="btn btn-primary">Export XLS</button>
                              </div> -->
                            </div>
                          </div>
                       </div>   
                    </div>

                   <div class="row mb-30">
                      <div class="col-lg-6 col-md-6 col-sm-12 col-12 col-r">
                        <div class="card-body expected_revenue">
                            <div class="panel">
                                <div class="p-3-crm d-flex flex-row align-items-center justify-content-between">
                                  <div class="d-flex align-items-center w-50">
                                  <h3 class="header-three-m header-color-b">Total Expected Revenue</h3>
                                  </div>
                                  <div class="d-flex">
                                    <div id="color_filter_crm" class="color-opetion-box">
                                      <button title="Color Palette" data-toggle="dropdown" class="btn color-btn-opetion btn-m-a" type="button" aria-expanded="false">
                                          <i class="fa fa-paint-brush"></i>
                                      </button>
                                      <ul role="menu" class="dropdown-menu dropdown-menu-right" data-chart-type="bar" data-chart-family="square" x-placement="bottom-end">
                                        <li class="color-li-cool">
                                          <div class="chat-icon-color">
                                          <i class="fa fa-snowflake-o"></i>
                                            <span value="cool" class="cool color-opetion" data-chart-color="cool">
                                                cool
                                            </span>
                                          </div>
                                        </li>
                                        <li class="color-li-warm">
                                          <div class="chat-icon-color">
                                            <i class="fa fa-fire"></i>
                                            <span value="warm" class="warm color-opetion" data-chart-color="warm">
                                                warm
                                            </span>
                                          </div>
                                        </li>
                                      </ul>
                                  </div>
                                  <div class="three-dots">
                                    <button class="btn btn-secondary dropdown-toggle" type="button" id="dropdownMenuButton1" data-bs-toggle="dropdown" aria-expanded="false">
                                                 <i class="fa fa-ellipsis-v"></i>
                                              </button>
                                    <div role="menu" class="dropdown-menu dropdown-menu-right" x-placement="bottom-end">
                                      <div class="dots-menu">
                                          <div class="dots-menu-header">
                                              <span>Export</span>
                                          </div>
                                          <div class="dots-menu-item">
                                            <i class="fa fa-file-pdf-o"></i>
                                            <span id="total_expected_pdf">Export Pdf</span>
                                        </div>
                                      </div>
                                    </div>
                                  </div>
                                </div>
                              </div>
                                 <!-- <select id="color_filter_crm">
                                    <option value="cool">Cool</option>
                                    <option value="warm">warm</option>
        
                                </select> -->
                                <div class="panel-body">
                                      <canvas id="Chart" class="header-box-p" width="1000px" height="900px"/>
                                      <!-- <button id="total_expected_pdf" class="btn btn-primary mt-4">  <i class="fa fa-download" style="color="></i> Export Pdf
                                      </button> -->
                                </div>
                            </div>
                        </div>
                      </div>
                  
                      <div class="col-lg-6 col-md-6 col-sm-12 col-12">
                        <div class="card-body customer_won_d">
                            <div class="panel">
                                <div class="p-3-crm d-flex flex-row align-items-center justify-content-between">
                                  <div class="d-flex align-items-center w-50">
                                  <h3 class="header-three-m header-color-b">Top 3 Customer with won count</h3>
                                  </div>
                                  <div class="d-flex">
                                    <div id="color_filter_crm1" class="color-opetion-box">
                                      <button title="Color Palette" data-toggle="dropdown" class="btn color-btn-opetion btn-m-a" type="button" aria-expanded="false">
                                          <i class="fa fa-paint-brush"></i>
                                      </button>
                                      <ul role="menu" class="dropdown-menu dropdown-menu-right" data-chart-type="bar" data-chart-family="square" x-placement="bottom-end">
                                        <li class="color-li-cool">
                                          <div class="chat-icon-color">
                                          <i class="fa fa-snowflake-o"></i>
                                            <span value="cool" class="cool color-opetion" data-chart-color="cool">
                                                cool
                                            </span>
                                          </div>
                                        </li>
                                        <li class="color-li-warm">
                                          <div class="chat-icon-color">
                                            <i class="fa fa-fire"></i>
                                            <span value="warm" class="warm color-opetion" data-chart-color="warm">
                                                warm
                                            </span>
                                          </div>
                                        </li>
                                      </ul>
                                  </div>
                                  <div class="three-dots">
                                    <button class="btn btn-secondary dropdown-toggle" type="button" id="dropdownMenuButton1" data-bs-toggle="dropdown" aria-expanded="false">
                                                 <i class="fa fa-ellipsis-v"></i>
                                              </button>
                                    <div role="menu" class="dropdown-menu dropdown-menu-right" x-placement="bottom-end">
                                      <div class="dots-menu">
                                          <div class="dots-menu-header">
                                              <span>Export</span>
                                          </div>
                                          <div class="dots-menu-item" data-format="chart_csv">
                                              <i class="fa fa-file-code-o"></i>
                                              <span id="topcustomcsv">Export CSV</span>
                                          </div>
                                          <div class="dots-menu-item">
                                            <i class="fa fa-file-pdf-o"></i>
                                            <span id="customer_won_pdf">Export Pdf</span>
                                        </div>
                                      </div>
                                    </div>
                                  </div>
                                </div>
                              </div>
                                <!-- <select id="color_filter_crm1">
                                    <option value="cool">Cool</option>
                                    <option value="warm">warm</option>
        
                                </select> -->
                                <div class="panel-body">
                                      <canvas id="customer" class="header-box-p" width="1000px" height="900px"/>
                               <!--  <button id="topcustomcsv" class="btn btn-primary mt-4"> <i class="fa fa-file" ></i> Export CSV</button>
                                 <button id="customer_won_pdf" class="btn btn-primary mt-4"> <i class="fa fa-download" style="color="></i> Export Pdf
                                    </button> -->
                                </div>
                            </div>
                        </div>
                      </div>
                  </div>

                  <div class="row mb-30">
                     <div class="col-lg-6 col-md-6 col-sm-12 col-12 col-r">
                        <div class="card-body customer_loss_i">
                            <div class="panel">
                                <div class="p-3-crm d-flex flex-row align-items-center justify-content-between">
                                  <div class="d-flex align-items-center w-50">
                                  <h3 class="header-three-m header-color-b">Top 3 Customer with Loss count</h3>
                                  </div>
                                  <div class="d-flex">
                                    <div id="color_filter_crm3" class="color-opetion-box">
                                      <button title="Color Palette" data-toggle="dropdown" class="btn color-btn-opetion btn-m-a" type="button" aria-expanded="false">
                                          <i class="fa fa-paint-brush"></i>
                                      </button>
                                      <ul role="menu" class="dropdown-menu dropdown-menu-right" data-chart-type="bar" data-chart-family="square" x-placement="bottom-end">
                                        <li class="color-li-cool">
                                          <div class="chat-icon-color">
                                          <i class="fa fa-snowflake-o"></i>
                                            <span value="cool" class="cool color-opetion" data-chart-color="cool">
                                                cool
                                            </span>
                                          </div>
                                        </li>
                                        <li class="color-li-warm">
                                          <div class="chat-icon-color">
                                            <i class="fa fa-fire"></i>
                                            <span value="warm" class="warm color-opetion" data-chart-color="warm">
                                                warm
                                            </span>
                                          </div>
                                        </li>
                                      </ul>
                                  </div>
                                  <div class="three-dots">
                                    <button class="btn btn-secondary dropdown-toggle" type="button" id="dropdownMenuButton1" data-bs-toggle="dropdown" aria-expanded="false">
                                                 <i class="fa fa-ellipsis-v"></i>
                                              </button>
                                    <div role="menu" class="dropdown-menu dropdown-menu-right" x-placement="bottom-end">
                                      <div class="dots-menu">
                                          <div class="dots-menu-header">
                                              <span>Export</span>
                                          </div>
                                          <div class="dots-menu-item">
                                            <i class="fa fa-file-pdf-o"></i>
                                            <span id="customer_loss_pdf">Export Pdf</span>
                                        </div>
                                      </div>
                                    </div>
                                  </div>
                                </div>
                              </div>
                                <!-- <select id="color_filter_crm3">
                                    <option value="cool">Cool</option>
                                    <option value="warm">warm</option>
        
                                </select> -->
                                <div class="panel-body">
                                      <canvas id="customer_loss" class="header-box-p" width="1000px" height="900px"/>
                                       <!-- <button id="customer_loss_pdf" class="btn btn-primary mt-4"
                                        data-placement="bottom" title="Export Pdf Pdf!"> <i class="fa fa-download" style="color="></i> Export Pdf
                                    </button>
 -->                                </div>
                            </div>
                        </div>
                      </div>
                 
                        <div class="col-lg-6 col-md-6 col-sm-12 col-12">
                     
                        <div class="card-body sale_team_i">
                            <div class="panel">
                                <div class="p-3-crm d-flex flex-row align-items-center justify-content-between">
                                  <div class="d-flex align-items-center w-50">
                                  <h3 class="header-three-m header-color-b">Top Sale Team</h3>
                                  </div>
                                  <div class="d-flex">
                                    <div id="color_filter_crm6" class="color-opetion-box">
                                      <button title="Color Palette" data-toggle="dropdown" class="btn color-btn-opetion btn-m-a" type="button" aria-expanded="false">
                                          <i class="fa fa-paint-brush"></i>
                                      </button>
                                      <ul role="menu" class="dropdown-menu dropdown-menu-right" data-chart-type="bar" data-chart-family="square" x-placement="bottom-end">
                                        <li class="color-li-cool">
                                          <div class="chat-icon-color">
                                          <i class="fa fa-snowflake-o"></i>
                                            <span value="cool" class="cool color-opetion" data-chart-color="cool">
                                                cool
                                            </span>
                                          </div>
                                        </li>
                                        <li class="color-li-warm">
                                          <div class="chat-icon-color">
                                            <i class="fa fa-fire"></i>
                                            <span value="warm" class="warm color-opetion" data-chart-color="warm">
                                                warm
                                            </span>
                                          </div>
                                        </li>
                                      </ul>
                                  </div>
                                  <div class="three-dots">
                                    <button class="btn btn-secondary dropdown-toggle" type="button" id="dropdownMenuButton1" data-bs-toggle="dropdown" aria-expanded="false">
                                                 <i class="fa fa-ellipsis-v"></i>
                                              </button>
                                    <div role="menu" class="dropdown-menu dropdown-menu-right" x-placement="bottom-end">
                                      <div class="dots-menu">
                                          <div class="dots-menu-header">
                                              <span>Export</span>
                                          </div>
                                          <div class="dots-menu-item">
                                            <i class="fa fa-file-pdf-o"></i>
                                            <span id="sale_team_pdf">Export Pdf</span>
                                        </div>
                                      </div>
                                    </div>
                                  </div>
                                </div>
                              </div>
                               <!--  <select id="color_filter_crm6">
                                    <option value="cool">Cool</option>
                                    <option value="warm">warm</option>
        
                                </select> -->
                                <div class="panel-body">
                                      <canvas id="sale_team" class="header-box-p" width="1000px" height="900px"/>
                                      <!--  <button id="sale_team_pdf" class="btn btn-primary mt-4"
                                        data-placement="bottom" title="Export Pdf Pdf!"> <i class="fa fa-download" style="color="></i> Export Pdf
                                    </button> -->
                                </div>
                            </div>
                        </div>
                      </div>
                    </div>
                <div class="row">
                
                       <div class="col-lg-6 col-md-6 col-sm-12 col-12 col-r">
                        <div class="card-body customer_won_list">
                            <div class="panel">
                                <div class="p-3-crm d-flex flex-row align-items-center justify-content-between">
                                  <div class="d-flex align-items-center w-50">
                                  <h3 class="header-three-m header-color-b">Won list Customer</h3>
                                  </div>
                                  <div class="d-flex">
                                    <div id="won_list_customer_pdf" class="color-opetion-box">
                                      <button title="Color Palette" data-toggle="dropdown" class="btn color-btn-opetion btn-m-a" type="button" aria-expanded="false">
                                          <i class="fa fa-paint-brush"></i>
                                      </button>
                                      <ul role="menu" class="dropdown-menu dropdown-menu-right" data-chart-type="bar" data-chart-family="square" x-placement="bottom-end">
                                        <li class="color-li-cool">
                                          <div class="chat-icon-color">
                                          <i class="fa fa-snowflake-o"></i>
                                            <span value="cool" class="cool color-opetion" data-chart-color="cool">
                                                cool
                                            </span>
                                          </div>
                                        </li>
                                        <li class="color-li-warm">
                                          <div class="chat-icon-color">
                                            <i class="fa fa-fire"></i>
                                            <span value="warm" class="warm color-opetion" data-chart-color="warm">
                                                warm
                                            </span>
                                          </div>
                                        </li>
                                      </ul>
                                  </div>
                                  <div class="three-dots">
                                    <button class="btn btn-secondary dropdown-toggle" type="button" id="dropdownMenuButton1" data-bs-toggle="dropdown" aria-expanded="false">
                                                 <i class="fa fa-ellipsis-v"></i>
                                              </button>
                                    <div role="menu" class="dropdown-menu dropdown-menu-right" x-placement="bottom-end">
                                      <div class="dots-menu">
                                          <div class="dots-menu-header">
                                              <span>Export</span>
                                          </div>
                                          <div class="dots-menu-item">
                                            <i class="fa fa-file-pdf-o"></i>
                                            <span id="sale_team_pdf">Export Pdf</span>
                                        </div>
                                      </div>
                                    </div>
                                  </div>
                                </div>
                              </div>
                               <!-- <select id="won_list_customer_pdf">
                                    <option value="cool">Cool</option>
                                    <option value="warm">warm</option>    
                                </select> -->
                                <div class="panel-body">
                                      <canvas id="won_list" class="header-box-p" width="1000px" height="600px"/>
                                       <!-- <button id="won_list_customer_pdf" class="btn btn-primary mt-4"
                                        data-placement="bottom" title="Export Pdf Pdf!"> <i class="fa fa-download" style="color="></i> Export Pdf
                                    </button> -->
                                    
                                </div>
                            </div>
                        </div>
                      </div>
             
                      <div class="col-lg-6 col-md-6 col-sm-12 col-12">

                         <div class="card-body customer_loss_list">
                            <div class="panel">
                                <div class="p-3-crm d-flex flex-row align-items-center justify-content-between">
                                  <div class="d-flex align-items-center w-50">
                                  <h3 class="header-three-m header-color-b">Loss list Customer</h3>
                                  </div>
                                  <div class="d-flex">
                                    <div id="color_filter_crm5" class="color-opetion-box">
                                      <button title="Color Palette" data-toggle="dropdown" class="btn color-btn-opetion btn-m-a" type="button" aria-expanded="false">
                                          <i class="fa fa-paint-brush"></i>
                                      </button>
                                      <ul role="menu" class="dropdown-menu dropdown-menu-right" data-chart-type="bar" data-chart-family="square" x-placement="bottom-end">
                                        <li class="color-li-cool">
                                          <div class="chat-icon-color">
                                          <i class="fa fa-snowflake-o"></i>
                                            <span value="cool" class="cool color-opetion" data-chart-color="cool">
                                                cool
                                            </span>
                                          </div>
                                        </li>
                                        <li class="color-li-warm">
                                          <div class="chat-icon-color">
                                            <i class="fa fa-fire"></i>
                                            <span value="warm" class="warm color-opetion" data-chart-color="warm">
                                                warm
                                            </span>
                                          </div>
                                        </li>
                                      </ul>
                                  </div>
                                  <div class="three-dots">
                                    <button class="btn btn-secondary dropdown-toggle" type="button" id="dropdownMenuButton1" data-bs-toggle="dropdown" aria-expanded="false">
                                                 <i class="fa fa-ellipsis-v"></i>
                                              </button>
                                    <div role="menu" class="dropdown-menu dropdown-menu-right" x-placement="bottom-end">
                                      <div class="dots-menu">
                                          <div class="dots-menu-header">
                                              <span>Export</span>
                                          </div>
                                          <div class="dots-menu-item">
                                            <i class="fa fa-file-pdf-o"></i>
                                            <span id="won_list_customer_pdf">Export Pdf</span>
                                        </div>
                                      </div>
                                    </div>
                                  </div>
                                </div>
                              </div>
                                <!-- <select id="color_filter_crm5">
                                    <option value="cool">Cool</option>
                                    <option value="warm">warm</option>
        
                                </select> -->
                                <div class="panel-body">
                                      <canvas id="loss_list" class="header-box-p" width="1000px" height="600px"/>
                                       <!-- <button id="won_list_customer_pdf" class="btn btn-primary mt-4"
                                        data-placement="bottom" title="Export Pdf Pdf!"> <i class="fa fa-download" style="color="></i> Export Pdf
                                    </button> -->
                                    
                                </div>
                            </div>
                        </div>
                      </div>

                    </div>
                  </div>
                </div>
              </div>
            </div>
          </t>
        </templates>
