<?xml version="1.0" encoding="UTF-8" ?>
<templates>
    <t t-name="portal_attendance_knk.systray.install">
        <a
            href="#"
            role="menuitem"
            id="pwa_install_button"
            data-menu="installpwa"
            class="dropdown-item"
            hidden="1"
        >Install PWA</a>
    </t>
    <t t-extend="UserMenu.Actions">
        <t t-jquery="a[data-menu='settings']" t-operation="after">
            <t t-call="portal_attendance_knk.systray.install" />
        </t>
    </t>
</templates>
