<?xml version="1.0" encoding="UTF-8"?>
<templates xml:space="preserve">
  <t t-name="ss_quick_invoice_portal.soline_row">
      <tr class="ipc_soline_row" style="border-bottom: 0.5px solid #DEE2E6;">
          <td>
            <input class="form-control" type="hidden"
             t-attf-name="product_id_#{row_no}" t-att-value="product_id" readonly="readonly"/>
              <input class="form-control" type="text"
              t-att-value="product_name" readonly="readonly"/>
          </td>
          <td>
            <input class="form-control"
             t-attf-name="name_#{row_no}" t-att-value="name" readonly="readonly"/>
          </td>
          <td>
           <input class="form-control product_uom_qty"
                 t-attf-name="product_uom_qty_#{row_no}" t-att-value="product_uom_qty" readonly="readonly"/>
          </td>
          <td>
           <input class="form-control price_unit"
                 t-attf-name="price_unit_#{row_no}" t-att-value="price_unit" readonly="readonly"/>
          </td>
           <td>
           <input class="form-control tax_ids" type="hidden"
                 t-attf-name="tax_ids_#{row_no}" t-att-value="tax_ids" readonly="readonly"/>
           <input class="form-control" type="text"
                  t-att-value="taxes" readonly="readonly"/>
          </td>
          <td>
           <input class="form-control" type="text"
                  t-att-value="value_tax_exc" readonly="readonly"/>
              <spna class="sub_total_line d-none"><t t-esc="sub_total"/></spna>
          </td>
           <td>
                <span class="delete fa fa-trash-o p-1 "/>
<!--                <span class="edit fa fa-edit ml-2 p-1" t-att-data-row_number="row_no"/>-->
          </td>
      </tr>
  </t>
</templates>
