<?xml version="1.0" encoding="utf-8"?>
<odoo>
    <data noupdate="1">
        <record id="hr_attendance_rule_attendance_portal_employee" model="ir.rule">
            <field name="name">portal user: read and modify own attendance only</field>
            <field name="model_id" ref="hr_attendance.model_hr_attendance" />
            <field name="domain_force">[('employee_id.user_id','=',user.id)]</field>
            <field name="perm_read" eval="1" />
            <field name="perm_write" eval="1" />
            <field name="perm_create" eval="1" />
            <field name="perm_unlink" eval="0" />
            <field name="groups" eval="[(4,ref('base.group_portal'))]" />
        </record>
    </data>
</odoo>