<?xml version="1.0" encoding="UTF-8"?>
<templates xml:space="preserve">
    <t t-name="impersonate_user.BecomeOriginalMenu" owl="1">
        <t t-if="is_impersonating">
            <div class="o_impersonate_user_systray_item"
                 groups="impersonate_user.impersonate_user_group">
                <a class="call_back_to_normal" href='/become/original'
                   title="Close Impersonate" role="button">
                    <i class="fa fa-user" style="font-size:20px;color:white" role="img"
                       aria-label="Close Impersonate"/>
                </a>
            </div>
        </t>
    </t>
</templates>
