<?xml version="1.0" encoding="utf-8" ?>
<!-- Copyright 2016-17 ForgeFlow S.L.
     License LGPL-3.0 or later (https://www.gnu.org/licenses/lgpl) -->
<odoo>
    <record id="ir_rule_analytic_account_allowed_operating_units" model="ir.rule">
        <field name="model_id" ref="analytic.model_account_analytic_account" />
        <field name="domain_force">
            ['|',('operating_unit_ids','=',False),('operating_unit_ids','in',[g.id for g
            in user.operating_unit_ids])]
        </field>
        <field name="name">Analytic Accounts from allowed operating units</field>
        <field name="global" eval="True" />
        <field eval="0" name="perm_unlink" />
        <field eval="0" name="perm_write" />
        <field eval="1" name="perm_read" />
        <field eval="0" name="perm_create" />
    </record>
</odoo>
