<?xml version="1.0" encoding="utf-8"?>
<template xml:space="preserve">
  <t t-name="HrAttendanceMyMainMenu" t-extend="HrAttendanceMyMainMenu">
    <t t-jquery=".flex-grow-1" t-operation="before">
      <img src="" style="margin-top: 20px;"/>
      <canvas width="300" height="300" id="mycanvas" style="display: none;"></canvas>
      <div id="output"></div>
      <div id="screenshot" style="text-align:center;">
        <h6 id="error_handle_msg"></h6>
        <video class="videostream" autoplay="" style='visibility:hidden'>
        </video>
        <img id="screenshot-img" src="data:," style="display: none;"/>
      </div>
    </t>
  </t>
</template>
