
<odoo>
    <data>
        <record id="group_portal" model="res.groups">
            <field name="name">Portal</field>
            <field name="category_id" ref="base.module_category_portal"/>
        </record>
        
        <record id="timesheet_portal_rule" model="ir.rule">
            <field name="name">Timesheet Portal Rule</field>
            <field name="model_id" ref="hr_timesheet.model_account_analytic_line"/>
            <field name="domain_force">[(1, '=', 1)]</field>
            <field name="groups" eval="[(4, ref('group_portal'))]"/>
            <field name="perm_read" eval="True"/>
            <field name="perm_write" eval="True"/>
            <field name="perm_create" eval="False"/>
            <field name="perm_unlink" eval="False"/>
        </record>
    </data>
</odoo>
