<?xml version="1.0" encoding="UTF-8"?>
<templates xml:space="preserve">
  <t t-name="ss_quick_quotations_portal.soline_row">
      <tr class="ipc_soline_row" style="border-bottom: 0.5px solid #DEE2E6;">
          <td>
            <input class="form-control"
             t-attf-name="name_#{row_no}" t-att-value="name" readonly="readonly"/>
          </td>
          <td>
           <input class="form-control product_uom_qty"
                 t-attf-name="product_uom_qty_#{row_no}" t-att-value="product_uom_qty" readonly="readonly"/>
          </td>
           <td>
                <span class="delete fa fa-trash-o p-1"/>
                <span class="edit fa fa-edit ml-2 p-1" t-att-data-row_number="row_no"/>
          </td>
      </tr>
  </t>
</templates>
