<?xml version="1.0" encoding="utf-8"?>
<odoo>
    <data noupdate="1">
        <record id="ir_cron_data_checkout" model="ir.cron">
            <field name="name">BHS HR Attendance: Auto Checkout</field>
            <field name="model_id" ref="model_hr_attendance"/>
            <field name="state">code</field>
            <field name="code">model.auto_checkout()</field>
            <field name="interval_number">1</field>
            <field name="interval_type">days</field>
            <field name="numbercall">-1</field>
            <field name="nextcall" eval="DateTime.now().replace(hour=11, minute=0)"/>
        </record>
    </data>
</odoo>
