<?xml version="1.0" encoding="UTF-8" ?>
<templates id="template" xml:space="preserve">
    <t t-inherit="mail.NotificationAlert" t-inherit-mode="extension" owl="1">
        <xpath expr="//div[hasclass('o_NotificationAlert')]" position="replace">
            <t t-if="messaging">
                <center t-if="isNotificationBlocked" class="o_notification_alert alert alert-primary">
                    Push notifications have been blocked. Go to your browser settings to allow them.
                </center>
            </t>
        </xpath>
    </t>
</templates>
